Date,LossY
1980-01-03,0.84458787119409
1980-01-04,1.05022663977659
1980-01-05,0.869083080402369
1980-01-07,0.892745614016567
1980-01-07,2.31343664816491
1980-01-10,4.37670042859451
1980-01-10,3.96221909683952
1980-01-16,1.10758143501923
1980-01-16,0.745440786917459
1980-01-19,1.40259237866038
1980-01-21,3.67212144081525
1980-01-21,1.68917574238818
1980-01-24,0.73442438848541
1980-01-25,0.863887385340027
1980-01-26,5.70574247170737
1980-01-26,1.24537118781465
1980-01-28,13.1495733543899
1980-02-03,1.00444252400905
1980-02-05,2.27230899477077
1980-02-07,0.923845044231874
1980-02-10,1.90950320941734
1980-02-13,7.08380001382698
1980-02-16,2.72086933085483
1980-02-19,5.87539460627148
1980-02-20,0.760128983752321
1980-02-21,1.27338620704923
1980-02-22,1.02819384291249
1980-02-23,6.25288858845977
1980-02-25,0.87051969660806
1980-02-27,0.84458787119409
1980-03-07,1.66728339682911
1980-03-13,0.913447634765546
1980-03-13,1.2118003162427
1980-03-13,0.73442438848541
1980-03-17,2.94742180036745
1980-03-20,0.899108559746033
1980-03-21,1.67448754555332
1980-03-22,0.794797883562494
1980-03-26,0.968773410262368
1980-04-06,1.02819384291249
1980-04-10,0.789415588909189
1980-04-11,0.881309366504853
1980-04-14,2.47354110365809
1980-04-15,2.71737008691248
1980-04-16,0.771145382184369
1980-04-25,8.81309165860131
1980-04-25,0.848287258246105
1980-04-26,0.793355248015159
1980-05-01,0.735922702942952
1980-05-01,1.02819384291249
1980-05-02,0.967464705066611
1980-05-02,1.63683656357037
1980-05-04,0.854869909945576
1980-05-07,1.04064786077384
1980-05-09,1.65245474868922
1980-05-10,0.922953178444961
1980-05-16,3.67212144081525
1980-05-18,3.67212144081525
1980-05-20,0.790648049110789
1980-05-20,2.43587607654464
1980-05-21,0.773623344494465
1980-05-26,6.83234954082774
1980-05-29,0.881309366504853
1980-05-29,0.822555074329993
1980-06-02,1.0214712415198
1980-06-03,11.0163648240575
1980-06-11,0.902412676696762
1980-06-12,1.23016081309218
1980-06-15,1.33885557643973
1980-06-15,1.01533552593739
1980-06-16,0.865151948697062
1980-06-17,0.824581586016792
1980-06-21,0.984128750796102
1980-06-30,2.32078074658234
1980-07-02,0.73442438848541
1980-07-04,1.98801298086767
1980-07-04,2.79089383703439
1980-07-07,2.20327316545623
1980-07-10,1.82602396982813
1980-07-12,0.841650432471839
1980-07-14,0.727080290067979
1980-07-15,132.049490904224
1980-07-25,1.25439668899796
1980-07-26,0.915827281162123
1980-07-26,4.95736424606767
1980-07-28,1.07676892675562
1980-07-29,1.43975579397017
1980-08-07,3.1701434605355
1980-08-08,1.06515310221819
1980-08-08,1.46664519631733
1980-08-11,1.02147023829619
1980-08-18,0.871027327753367
1980-08-18,1.02819384291249
1980-08-20,0.95475135390277
1980-08-21,0.807866877495131
1980-08-23,0.861479648682444
1980-08-23,1.56976303963176
1980-08-27,1.02928635342087
1980-08-28,0.98693025271956
1980-08-28,1.05463329947177
1980-08-28,1.63482861152031
1980-08-30,1.00248924764558
1980-08-30,2.71737008691248
1980-09-02,1.41446302199406
1980-09-04,1.85450047192208
1980-09-05,1.0259907638708
1980-09-05,1.34399659581547
1980-09-08,1.71863440039371
1980-09-11,0.796850479063083
1980-09-12,2.138306411093
1980-09-12,0.880759599968038
1980-09-14,0.996705663549346
1980-09-15,0.833641196802751
1980-09-15,3.81900641883469
1980-09-15,0.900331990935167
1980-09-15,3.34816699449094
1980-09-25,1.09649531254647
1980-09-28,1.93373908532313
1980-09-30,1.61573325337846
1980-10-01,1.06491533822325
1980-10-01,0.882982743481873
1980-10-06,1.02411724378412
1980-10-07,1.88402333623848
1980-10-07,1.12466934272281
1980-10-08,0.863330596237961
1980-10-09,0.73442438848541
1980-10-12,2.3635406447856
1980-10-14,1.08038354141281
1980-10-16,1.94365193778712
1980-10-17,9.5658765439362
1980-10-20,0.946672895804777
1980-10-23,0.73442438848541
1980-10-24,0.77055799476228
1980-10-25,1.28415932375651
1980-10-27,1.40436607799813
1980-10-29,1.00983334606301
1980-10-30,0.73442438848541
1980-11-05,3.17271321780567
1980-11-07,0.786176179881133
1980-11-09,1.10163633192221
1980-11-10,1.17140702252912
1980-11-13,1.06124303820864
1980-11-14,0.737141118014049
1980-11-18,2.71002548688324
1980-11-18,2.66596039476685
1980-11-19,1.44094060105042
1980-11-20,1.3954062879611
1980-11-25,1.29256382952688
1980-12-06,1.55551074345428
1980-12-07,0.73442438848541
1980-12-08,1.02819384291249
1980-12-09,0.984128750796102
1980-12-09,0.73442438848541
1980-12-09,1.32196379895138
1980-12-10,0.73442438848541
1980-12-10,2.93769705232984
1980-12-12,1.65245474868922
1980-12-14,1.26449162654668
1980-12-17,9.76784351411589
1980-12-17,0.920689905986833
1980-12-19,1.02819384291249
1980-12-23,1.39614064764166
1980-12-25,1.3954062879611
1980-12-26,0.881309366504853
1980-12-27,1.42478318324263
1980-12-31,1.16920344187563
1981-01-01,0.989387296563413
1981-01-01,0.740564046134659
1981-01-01,1.35430162348608
1981-01-03,3.8959908153755
1981-01-07,0.840464150000789
1981-01-17,0.863290942621013
1981-01-23,1.05565873901443
1981-01-26,1.02261315542359
1981-01-31,4.65159826937654
1981-02-02,0.79445283102274
1981-02-07,1.24312473816239
1981-02-10,19.2339893161883
1981-02-10,1.37646421441082
1981-02-13,2.0249250620784
1981-02-13,1.33641155644475
1981-02-15,2.06737707120738
1981-02-17,3.88068037476641
1981-02-19,1.0152297564236
1981-02-19,0.812184030482967
1981-02-23,5.16844239633833
1981-02-27,1.18135848736428
1981-03-01,1.58560437117565
1981-03-01,0.949207319188364
1981-03-04,1.18283505449223
1981-03-09,1.47669782752524
1981-03-10,0.775266472122793
1981-03-12,0.937702940203256
1981-03-13,1.32902815744476
1981-03-16,2.33033277603212
1981-03-19,0.785547232717241
1981-03-23,1.0152297564236
1981-03-24,1.02482828779563
1981-03-24,0.85279272498292
1981-03-27,1.73558494486501
1981-04-01,11.8135826202019
1981-04-10,2.36271641136834
1981-04-13,1.04877616724708
1981-04-18,1.40655441030488
1981-04-20,1.24715614387305
1981-04-20,2.95339565505047
1981-04-22,0.744905299964503
1981-04-23,4.817726436957
1981-04-24,1.10752337064393
1981-04-25,7.2646150616618
1981-04-26,1.00784635742361
1981-04-26,1.22633773042534
1981-04-27,4.94496641213929
1981-04-27,1.02261315542359
1981-04-29,0.948214115126333
1981-04-29,2.05260970984718
1981-05-02,0.908907346087159
1981-05-03,0.82695082848295
1981-05-05,0.791861374025948
1981-05-06,1.75813625433927
1981-05-11,0.900351594476228
1981-05-13,2.14121162456751
1981-05-14,0.85072406626722
1981-05-16,0.886018583843099
1981-05-16,1.03097849128128
1981-05-21,1.47669782752524
1981-05-21,1.58105974430758
1981-05-23,0.764929375506675
1981-05-24,0.911861043703286
1981-05-25,1.10752337064393
1981-05-28,1.70263231570993
1981-05-29,31.6751681750723
1981-05-31,2.80572598496999
1981-06-02,1.11948857828629
1981-06-14,1.10752337064393
1981-06-16,1.5274340486407
1981-06-17,1.07060581228375
1981-06-18,0.970928799063435
1981-06-18,0.886018583843099
1981-06-19,0.959853700563447
1981-06-19,1.70115574858198
1981-06-21,1.03368825392358
1981-06-24,0.799631801494808
1981-06-29,2.47346908644886
1981-06-30,4.43009348257571
1981-07-01,0.886018583843099
1981-07-01,0.752994589316012
1981-07-05,0.959853700563447
1981-07-07,1.48480514440368
1981-07-10,1.0505079365532
1981-07-11,0.821241172686756
1981-07-11,4.258057919763
1981-07-12,1.14440825411153
1981-07-20,0.760499110762593
1981-07-26,0.830878575913741
1981-07-28,2.87956053833013
1981-07-30,2.95339565505047
1981-07-31,0.812184030482967
1981-08-04,2.21746411997769
1981-08-05,2.2888818580082
1981-08-11,0.775266472122793
1981-08-19,0.94877860206346
1981-08-19,0.811587995373705
1981-08-25,0.768732620329576
1981-08-25,0.886018583843099
1981-08-27,1.23117981148783
1981-08-27,1.84857979360798
1981-08-27,0.767916874735803
1981-08-28,1.19612528536426
1981-08-28,1.48408122652523
1981-08-28,1.18209648924815
1981-08-29,1.93477785028368
1981-09-01,0.833094835006215
1981-09-02,1.47669782752524
1981-09-03,1.69081921532607
1981-09-04,0.805455256054774
1981-09-06,5.75912164002047
1981-09-09,1.45312908949963
1981-09-09,0.988899426615756
1981-09-10,0.830057760078018
1981-09-11,1.10013997164394
1981-09-14,1.00270738552693
1981-09-15,1.11931900686107
1981-09-16,1.09275657264394
1981-09-17,0.944135387157468
1981-09-17,0.886018583843099
1981-09-19,1.4224293378511
1981-09-19,8.26950772146928
1981-09-20,1.70927771282605
1981-09-21,1.11490676964392
1981-09-22,3.34509719691673
1981-09-26,0.812184030482967
1981-09-29,1.47669782752524
1981-10-01,1.1481326285041
1981-10-03,2.11536972806754
1981-10-07,1.37332911480492
1981-10-07,0.958856552979899
1981-10-11,4.00541790386614
1981-10-15,1.13779553188798
1981-10-17,1.04249244739007
1981-10-18,0.797689898827864
1981-10-22,4.33410816885539
1981-10-25,1.69820261432607
1981-10-27,1.32902815744476
1981-10-28,0.897047486805317
1981-11-01,0.782649871122784
1981-11-01,0.75094170468638
1981-11-03,0.801846933866849
1981-11-03,1.67744504378176
1981-11-05,0.781580613431499
1981-11-05,0.791509837250731
1981-11-08,1.47669782752524
1981-11-13,2.4107090682285
1981-11-15,0.904477644703294
1981-11-16,1.13336583050411
1981-11-17,1.2773438010846
1981-11-17,0.825125541380862
1981-11-19,1.90081455289985
1981-11-22,0.839856847687193
1981-11-24,1.18135848736428
1981-11-25,0.884569058005545
1981-11-25,0.775266472122793
1981-12-01,1.7720371676862
1981-12-07,4.76249798147362
1981-12-10,1.70883096817421
1981-12-13,1.16289942650408
1981-12-14,3.61790945209274
1981-12-14,1.06970161913596
1981-12-18,0.839502494110892
1981-12-21,28.20492839306
1981-12-21,0.878635184843108
1981-12-22,1.10752337064393
1981-12-28,1.01407768478046
1981-12-29,1.36594571580493
1981-12-29,0.738348913762619
1981-12-31,0.90816934420329
1982-01-06,2.65793131680631
1982-01-08,0.793635705647125
1982-01-08,0.883860162746968
1982-01-09,0.816845887260209
1982-01-13,1.21367948177663
1982-01-13,1.20610206050396
1982-01-14,0.760293540844866
1982-01-17,3.58821373178259
1982-01-21,1.19794093726023
1982-01-22,0.74875928765617
1982-01-22,6.40877310714134
1982-01-22,1.00877805156374
1982-01-24,2.62049568219405
1982-01-28,1.48793629203766
1982-01-29,1.23732476378022
1982-02-01,1.22532203781216
1982-02-01,1.7969117207242
1982-02-03,0.757137646261301
1982-02-04,6.81328927743869
1982-02-04,1.00039276661375
1982-02-04,1.32000391266082
1982-02-05,3.44408027333161
1982-02-07,1.19195153796277
1982-02-08,1.2802995852743
1982-02-09,1.0107627641989
1982-02-16,0.883481732450734
1982-02-22,0.752456696473946
1982-02-25,2.04398703509869
1982-02-27,0.795347142494317
1982-02-27,1.87178298994873
1982-02-28,0.75871811222394
1982-02-28,1.18457686969407
1982-02-28,1.12306966803569
1982-03-07,2.47075314374498
1982-03-07,1.19794093726023
1982-03-10,1.04819839881116
1982-03-10,2.80380013947763
1982-03-19,0.833441409535635
1982-03-20,1.0107627641989
1982-03-22,15.722974722832
1982-03-25,1.72203982183195
1982-03-29,1.12306966803569
1982-04-05,1.1402898206836
1982-04-05,1.33121199797356
1982-04-11,0.875994353661195
1982-04-12,0.847543447662833
1982-04-12,0.949151037699964
1982-04-14,1.22186264339036
1982-04-14,1.61811883261285
1982-04-18,0.995357313903306
1982-04-18,0.936640169886546
1982-04-20,0.958353001675266
1982-04-21,1.06466987654689
1982-04-22,1.12306966803569
1982-04-24,0.792667276702687
1982-04-24,0.990938305885058
1982-04-24,0.92391206671173
1982-04-25,1.70873242436007
1982-04-25,1.72278912641185
1982-04-27,0.917173362834374
1982-04-28,1.34587192169554
1982-04-28,1.5610029335933
1982-05-01,1.49742601415835
1982-05-01,2.91998138875989
1982-05-02,0.748713321913034
1982-05-03,0.97332712958663
1982-05-08,1.47496450745745
1982-05-12,1.47196980780872
1982-05-16,0.879737728222108
1982-05-23,2.65793131680631
1982-05-31,1.03262482723588
1982-06-03,0.76743082438531
1982-06-06,2.32101060529592
1982-06-07,1.57229728338289
1982-06-08,1.57229728338289
1982-06-10,3.29433773488255
1982-06-10,0.823584591137566
1982-06-11,0.798497370068454
1982-06-16,1.36340627853284
1982-06-17,2.92177971975164
1982-06-17,1.87178298994873
1982-06-22,1.04819839881116
1982-06-24,0.748713321913034
1982-06-27,7.48713070045948
1982-07-01,1.80439846984602
1982-07-01,0.783537724514517
1982-07-03,1.08563403342343
1982-07-11,3.58633543299114
1982-07-14,0.856077334193371
1982-07-14,4.45484303753051
1982-07-15,0.883723524852987
1982-07-15,0.883057966079079
1982-07-19,0.831071340259391
1982-07-21,2.72053539962282
1982-07-24,1.16050530264796
1982-07-24,0.890968481572559
1982-07-26,0.935891494974364
1982-07-27,3.11435666379451
1982-07-28,1.20467964113758
1982-07-29,12.6248005192924
1982-07-29,0.904522708788404
1982-07-31,3.46803912985688
1982-08-01,2.02152552839779
1982-08-02,0.88111166317449
1982-08-04,3.14943104447853
1982-08-04,2.17126806684686
1982-08-05,2.23940063219403
1982-08-05,0.854816739429545
1982-08-06,1.34214365915977
1982-08-06,1.15977614743492
1982-08-07,0.898455860362098
1982-08-09,1.52228340651178
1982-08-11,0.788441576672698
1982-08-12,1.19618164566675
1982-08-13,0.981767195627752
1982-08-20,0.786614280966093
1982-08-21,1.19840941003959
1982-08-23,1.0107627641989
1982-08-24,1.40394428597296
1982-08-27,0.763687449824397
1982-08-30,2.17126806684686
1982-09-03,0.782845719696613
1982-09-06,1.05464997421084
1982-09-08,0.852035497135928
1982-09-10,1.12555937417764
1982-09-10,1.28254561001084
1982-09-13,1.24286395066203
1982-09-14,1.0332242708998
1982-09-18,1.83229023091417
1982-09-18,1.60625589287735
1982-09-19,1.13804379594706
1982-09-20,2.52029414016272
1982-09-22,0.898455860362098
1982-09-28,1.47538197715197
1982-09-30,0.87449700383683
1982-10-01,2.62798306098359
1982-10-03,0.805053470308693
1982-10-04,2.24089861168611
1982-10-06,0.755695707195785
1982-10-16,0.976761966967585
1982-10-24,1.0701958404067
1982-10-24,41.3738856637135
1982-10-27,17.1663758767798
1982-10-27,10.0282630639559
1982-10-31,0.805657951314324
1982-11-01,1.95098826205009
1982-11-06,1.85560682637096
1982-11-07,0.771174198946222
1982-11-08,1.04819839881116
1982-11-09,0.83091077499227
1982-11-11,0.954953425686307
1982-11-11,0.801712453417154
1982-11-11,1.04819839881116
1982-11-13,0.823584591137566
1982-11-15,3.44408027333161
1982-11-20,0.7861489565253
1982-11-21,1.25103955626319
1982-11-22,0.898455860362098
1982-11-23,0.898455860362098
1982-11-23,1.36265760362065
1982-11-24,1.34768347570929
1982-11-25,0.823584591137566
1982-11-25,0.943484028272174
1982-11-27,1.06317252672253
1982-12-01,1.15855648107251
1982-12-02,2.75526409273175
1982-12-02,1.12502226761742
1982-12-07,1.04269447332135
1982-12-09,0.748713321913034
1982-12-10,2.42469924712848
1982-12-10,2.62049568219405
1982-12-20,1.34768347570929
1982-12-20,1.34768347570929
1982-12-20,1.64716855260742
1982-12-23,2.62049568219405
1982-12-24,14.0152862875421
1982-12-25,1.42255474493382
1982-12-25,2.69536695141858
1982-12-25,0.822501562669144
1982-12-27,3.51895154255615
1982-12-31,1.75947608611193
1983-01-03,0.999592536020336
1983-01-03,0.935831157191584
1983-01-07,1.08520541004689
1983-01-09,0.771290382966042
1983-01-10,1.94853986009526
1983-01-15,1.23662863060892
1983-01-18,1.47601878454244
1983-01-19,3.01574555687695
1983-01-23,1.87963491360207
1983-01-24,0.786716232228768
1983-01-25,1.81923786347484
1983-01-30,1.65981708165079
1983-02-03,4.32308264159502
1983-02-08,0.955628830952062
1983-02-09,0.843791943839864
1983-02-11,0.806769766931304
1983-02-12,1.70532843339297
1983-02-14,3.2779843009532
1983-02-14,1.07980667483048
1983-02-17,0.906266390667374
1983-02-18,2.17966688436349
1983-02-20,0.830062820119723
1983-02-21,0.809854659427814
1983-02-24,0.771290382966042
1983-03-18,1.23406447406765
1983-03-21,1.14229290928946
1983-03-21,1.19519094562713
1983-03-22,3.85645191483021
1983-03-23,0.925548182203216
1983-03-24,1.00267742851685
1983-03-28,0.925548182203216
1983-04-01,1.10294510202952
1983-04-05,0.771290382966042
1983-04-06,2.10266106148532
1983-04-10,2.62547233325907
1983-04-11,1.54258076593208
1983-04-12,1.69683925855935
1983-04-15,6.94161344669438
1983-04-17,0.806791955414084
1983-04-18,0.771290382966042
1983-04-18,2.18616394947751
1983-04-20,2.58382316430079
1983-04-21,3.08516153186417
1983-04-21,1.58180584314665
1983-04-24,2.46812964152539
1983-05-04,3.08516153186417
1983-05-10,0.838392515233361
1983-05-13,0.802142081491495
1983-05-14,1.54258076593208
1983-05-17,0.859988842879196
1983-05-18,0.8038166185513
1983-05-24,1.15693592114411
1983-05-27,2.31387114889813
1983-05-29,6.98403505220944
1983-06-06,1.48473400454438
1983-06-07,1.02273096321938
1983-06-10,0.771290382966042
1983-06-10,1.17159002724014
1983-06-17,1.15693592114411
1983-06-19,1.12145653717885
1983-06-22,0.771290382966042
1983-06-23,1.50401648947031
1983-06-24,1.0358429697622
1983-06-29,0.976453415431203
1983-07-01,1.73540353502112
1983-07-03,1.56571988652122
1983-07-03,2.58382316430079
1983-07-04,1.31307280751671
1983-07-04,1.18161714128645
1983-07-07,1.62451173859733
1983-07-08,1.34975799684305
1983-07-12,0.886983905741444
1983-07-15,1.04750163068293
1983-07-17,1.69683925855935
1983-07-18,2.54834378033553
1983-07-19,1.6490487336016
1983-07-20,1.23020853179453
1983-07-20,1.05057473554797
1983-07-25,1.5495222940918
1983-07-25,1.25951743737669
1983-08-02,2.39100039521176
1983-08-05,3.23942002449143
1983-08-09,0.802142081491495
1983-08-16,0.848419629279672
1983-08-16,2.82828962706033
1983-08-17,0.826823301633839
1983-08-22,0.83490614987655
1983-08-22,1.77396781148289
1983-08-22,1.12222758695545
1983-08-23,1.2633733796498
1983-08-25,1.11674911187905
1983-08-25,1.29036913590214
1983-08-25,5.54162211161752
1983-08-28,1.23792110973085
1983-08-30,3.3936778237286
1983-08-31,1.74774379839725
1983-08-31,0.967198044551585
1983-08-31,0.964113152055075
1983-09-01,0.899451059503471
1983-09-01,2.54525819444893
1983-09-03,2.68794678008658
1983-09-03,2.48741143306123
1983-09-04,0.997063048983413
1983-09-05,0.814924034352963
1983-09-08,1.0412423983687
1983-09-09,1.04424755100522
1983-09-13,4.10866423825024
1983-09-16,8.75877391346894
1983-09-16,2.12259117275239
1983-09-17,0.995735900357132
1983-09-18,1.58037399261725
1983-09-18,1.03437575633837
1983-09-19,4.7958699789412
1983-09-21,1.11235648567869
1983-09-25,1.15693592114411
1983-09-25,0.802398635823639
1983-09-27,0.915521761546992
1983-09-29,2.39100039521176
1983-10-01,1.36997378482592
1983-10-02,1.28728355001554
1983-10-03,1.38832296669491
1983-10-03,3.67531692904556
1983-10-05,2.77664523999974
1983-10-06,0.779694964209064
1983-10-07,1.072324302403
1983-10-11,1.77396781148289
1983-10-20,1.02563904124374
1983-10-22,0.873254782021303
1983-10-22,2.21746011104865
1983-10-24,2.15961334966095
1983-10-27,0.910123026330577
1983-11-01,3.93358116114384
1983-11-13,9.25548528898259
1983-11-15,7.92655187661868
1983-11-16,2.95327111004944
1983-11-23,2.33452377263572
1983-11-25,0.771290382966042
1983-11-26,0.771290382966042
1983-11-28,1.00267742851685
1983-11-30,1.43747738995354
1983-12-07,0.848419629279672
1983-12-15,1.11837095129225
1983-12-17,0.914750711770386
1983-12-19,0.782859596565565
1983-12-20,1.61971001224571
1983-12-23,1.19550019760588
1983-12-24,7.71290452305051
1983-12-25,1.15693592114411
1983-12-25,1.07980667483048
1983-12-27,1.07980667483048
1983-12-27,1.34053868224795
1983-12-27,1.19550019760588
1983-12-30,1.0412423983687
1984-01-01,1.6363789424805
1984-01-01,0.776233555348259
1984-01-02,1.05662487268389
1984-01-04,1.00910436325608
1984-01-07,6.9046001435148
1984-01-08,1.21936245402322
1984-01-09,1.94058462967399
1984-01-10,1.88373481768864
1984-01-14,1.16435107432573
1984-01-15,0.931481007721253
1984-01-31,1.08129396529493
1984-02-06,0.776233555348259
1984-02-07,1.65415465531542
1984-02-07,1.63009120753469
1984-02-16,3.72592254827833
1984-02-25,1.78533791860434
1984-02-28,1.22476507277884
1984-02-29,0.853856910883085
1984-03-06,0.978286159424146
1984-03-06,2.00268361062319
1984-03-06,1.88624857732095
1984-03-07,1.74652624083693
1984-03-07,0.931481007721253
1984-03-08,1.24197442986056
1984-03-09,1.00910436325608
1984-03-12,2.87206563739524
1984-03-15,1.31183559810257
1984-03-17,0.829018059806748
1984-03-17,1.6378533948275
1984-03-19,0.814269088516725
1984-03-25,0.853856910883085
1984-03-27,2.19703777949366
1984-03-28,8.61619617088239
1984-03-28,10.5955924783238
1984-04-03,0.954767569599695
1984-04-07,1.0867277187909
1984-04-14,10.0988028546402
1984-04-19,0.837556391698509
1984-04-19,1.78145645430626
1984-04-22,4.03641597041763
1984-04-25,0.776078622949807
1984-04-26,0.785160330191165
1984-04-26,1.55246785199986
1984-04-26,1.37548612694632
1984-04-27,1.16435107432573
1984-04-27,1.43603281869762
1984-04-30,1.63319578593048
1984-05-02,1.82414959637175
1984-05-12,1.05829725302316
1984-05-12,1.28621986112394
1984-05-13,3.0273123484649
1984-05-14,1.59904171706009
1984-05-19,1.0867277187909
1984-05-20,0.866276707072925
1984-05-20,0.908193704539468
1984-05-29,0.853856910883085
1984-06-01,2.79444228186042
1984-06-01,0.8117657071312
1984-06-04,0.892668588650498
1984-06-07,1.94058462967399
1984-06-08,1.38712977853721
1984-06-08,3.26018241506937
1984-06-08,3.41542912613902
1984-06-11,13.8227009034919
1984-06-14,0.776233555348259
1984-06-18,0.776233555348259
1984-06-19,0.776233555348259
1984-06-19,11.7211311335788
1984-06-22,1.47484449646503
1984-06-24,0.776233555348259
1984-06-24,0.931481007721253
1984-07-01,0.853856910883085
1984-07-05,0.795639394231966
1984-07-09,0.885428278910367
1984-07-12,0.789014366265594
1984-07-12,1.0261810270396
1984-07-12,0.838332536297457
1984-07-15,0.853856910883085
1984-07-17,1.32968840648504
1984-07-20,0.846094723590271
1984-07-23,1.21047867477415
1984-07-27,1.9599904685577
1984-08-01,0.95398030545062
1984-08-01,3.29899409283679
1984-08-01,0.91673203643123
1984-08-02,1.4523333378822
1984-08-04,0.882929345344893
1984-08-05,0.974394316879282
1984-08-07,1.47484449646503
1984-08-09,1.22283249496656
1984-08-10,2.01820798520882
1984-08-11,0.839467471713873
1984-08-16,1.31959778539538
1984-08-17,1.19151910050225
1984-08-20,0.892668588650498
1984-08-20,0.795639394231966
1984-08-20,0.815045233115672
1984-08-21,1.04248228752752
1984-08-21,1.45699094677922
1984-08-26,2.49314472767712
1984-08-28,1.16435107432573
1984-08-28,0.931481007721253
1984-08-29,2.04780674504336
1984-08-31,0.790589635867086
1984-08-31,1.02147968124541
1984-09-02,0.963881894188097
1984-09-04,0.97805487278148
1984-09-05,2.52275979618518
1984-09-09,1.00910436325608
1984-09-09,0.873262749766792
1984-09-10,3.18255905953455
1984-09-11,3.56446593911376
1984-09-11,0.815045233115672
1984-09-14,1.64561558212031
1984-09-15,1.94058462967399
1984-09-18,1.06339667871195
1984-09-23,0.776233555348259
1984-09-26,1.86296127413916
1984-09-26,1.201993716723
1984-09-28,14.2050799932999
1984-09-30,1.16435107432573
1984-10-01,1.70771456306951
1984-10-03,1.36811608912136
1984-10-04,0.776233555348259
1984-10-04,1.47484449646503
1984-10-06,2.09583134074364
1984-10-08,0.931481007721253
1984-10-09,2.94968899293007
1984-10-10,1.00910436325608
1984-10-10,1.21092493938596
1984-10-24,13.9722099266954
1984-10-28,0.834451071999379
1984-10-29,3.9330427019993
1984-11-01,1.28078610762797
1984-11-02,0.863871919031869
1984-11-04,0.853856910883085
1984-11-05,0.931481007721253
1984-11-07,2.64540472758234
1984-11-07,5.36377594310583
1984-11-07,1.16435107432573
1984-11-10,5.66650717795232
1984-11-13,1.5730479153771
1984-11-14,2.17345469627847
1984-11-15,0.954767569599695
1984-11-17,0.791717158250084
1984-11-17,0.945617662450884
1984-11-23,1.20316275209314
1984-11-23,1.9793963074414
1984-12-02,0.931481007721253
1984-12-03,0.817693168652864
1984-12-03,0.892668588650498
1984-12-08,0.853856910883085
1984-12-08,1.39722114093021
1984-12-10,5.58888382241749
1984-12-11,0.815045233115672
1984-12-12,1.16435107432573
1984-12-13,1.9793963074414
1984-12-17,0.853856910883085
1984-12-19,2.87206563739524
1984-12-22,3.72592254827833
1984-12-28,1.31959778539538
1984-12-29,3.53186415944126
1984-12-31,0.853856910883085
1985-01-01,1.18189698312466
1985-01-03,0.985702083925969
1985-01-04,0.811569261745602
1985-01-05,0.827327888187264
1985-01-05,1.49706951195791
1985-01-05,0.866724454291419
1985-01-06,1.48268976532989
1985-01-07,0.79344684133769
1985-01-07,1.28432805499547
1985-01-07,0.807629605135186
1985-01-08,0.793662734519941
1985-01-08,2.75775962729088
1985-01-10,2.28500083404101
1985-01-11,1.94078279288182
1985-01-11,3.64418236463438
1985-01-11,0.811569261745602
1985-01-11,1.10310385091635
1985-01-12,0.848661128732664
1985-01-12,1.0400693451497
1985-01-13,2.04862143741608
1985-01-13,0.850965827849757
1985-01-14,1.19529181560008
1985-01-16,0.843086514628926
1985-01-17,1.77822153009757
1985-01-20,1.40914661952062
1985-01-22,1.0076822160868
1985-01-24,3.63163377039888
1985-01-25,2.50798539819053
1985-01-28,0.94551758649973
1985-01-28,2.16129561647397
1985-01-30,2.36379396624933
1985-01-31,0.794973852239887
1985-02-08,0.791149233602496
1985-02-10,1.45767294585375
1985-02-11,1.19843881330048
1985-02-11,0.984984278491551
1985-02-11,0.787931322083109
1985-02-12,1.54119366599456
1985-02-14,0.827327888187264
1985-02-15,2.18966114406896
1985-02-16,17.4428824340134
1985-02-17,1.13856076041009
1985-02-17,0.791949771825733
1985-02-19,0.787931322083109
1985-02-19,0.787931322083109
1985-02-20,12.8432805499547
1985-02-20,0.874603767512251
1985-02-21,1.16219870007259
1985-02-21,0.827227820909359
1985-02-23,1.38167066638826
1985-02-25,4.84054182717588
1985-02-27,0.969155526162224
1985-03-03,1.52779883351915
1985-03-04,36.6388064768645
1985-03-05,0.978194674289161
1985-03-11,2.67896649508257
1985-03-12,0.787931322083109
1985-03-17,4.88517419691527
1985-03-19,1.54925971893873
1985-03-20,1.70981096892035
1985-03-22,1.02115899341971
1985-03-23,1.22523320583923
1985-03-27,0.906121020395575
1985-03-28,1.04794865837053
1985-03-28,3.24965333269753
1985-04-11,1.09856457856983
1985-04-12,3.75152067277912
1985-04-14,3.83632099338699
1985-04-19,3.15172528833243
1985-04-21,1.26069011533297
1985-04-24,5.58249341695882
1985-04-26,1.39074133176808
1985-04-27,4.96921022414073
1985-04-28,0.984914152603886
1985-04-28,0.94551758649973
1985-04-29,0.966328428578589
1985-04-30,5.17119326683144
1985-04-30,3.28567361308656
1985-05-02,2.11165594318273
1985-05-02,0.847026171239342
1985-05-04,1.5230373645398
1985-05-05,1.08340556786427
1985-05-06,0.984914152603886
1985-05-07,2.66320786864091
1985-05-09,1.0874240176069
1985-05-14,1.79884720831574
1985-05-15,1.85163860689531
1985-05-26,2.48198366456179
1985-05-27,2.63956992897841
1985-05-28,3.15172528833243
1985-05-28,8.27327888187264
1985-05-29,2.27712152082018
1985-05-31,4.3336222714571
1985-05-31,2.2062077018327
1985-06-01,0.992793465824717
1985-06-02,0.866724454291419
1985-06-06,1.67574003062215
1985-06-10,1.73344890858284
1985-06-11,0.843086514628926
1985-06-12,7.2489681631646
1985-06-13,1.18189698312466
1985-06-15,1.30008668143713
1985-06-16,9.632460412466
1985-06-18,1.10310385091635
1985-06-19,11.2193540951414
1985-06-22,0.854905484460173
1985-06-22,0.827327888187264
1985-06-27,2.08801800352024
1985-06-27,1.67277819678244
1985-06-28,4.09724287483216
1985-06-28,1.43797466280167
1985-06-29,0.866724454291419
1985-07-02,0.787931322083109
1985-07-02,1.62707818010162
1985-07-06,1.00650347082896
1985-07-06,0.941577929889315
1985-07-07,0.94551758649973
1985-07-07,0.866724454291419
1985-07-08,1.10310385091635
1985-07-13,1.24887114550173
1985-07-15,2.57262885971688
1985-07-15,0.94551758649973
1985-07-16,1.9170369066282
1985-07-22,1.26069011533297
1985-07-28,1.57586264416622
1985-08-02,3.7505530931156
1985-08-03,0.917939990226822
1985-08-04,1.08104177389802
1985-08-06,0.94551758649973
1985-08-06,1.30008668143713
1985-08-06,1.33948324754128
1985-08-07,1.02431071870804
1985-08-14,0.866724454291419
1985-08-16,0.866724454291419
1985-08-19,0.977832225881003
1985-08-19,0.791870978693524
1985-08-20,2.58599059907676
1985-08-21,0.827327888187264
1985-08-23,45.2356383251121
1985-08-24,0.857269278426422
1985-08-24,0.880907218088916
1985-08-25,2.1037766299619
1985-08-28,0.846947378107134
1985-08-30,1.68696096057994
1985-08-31,4.60939823418619
1985-09-02,11.2674179057885
1985-09-04,1.55301263582581
1985-09-07,1.33948324754128
1985-09-08,4.85917246328653
1985-09-11,0.827327888187264
1985-09-12,0.910894308344754
1985-09-13,2.82248818540001
1985-09-15,10.637072848122
1985-09-19,0.946699483482855
1985-09-19,1.30008668143713
1985-09-23,1.08545418930169
1985-09-24,2.99413902391581
1985-09-25,1.04440296742116
1985-09-25,3.19112185443659
1985-09-29,5.27913985795683
1985-10-02,0.914000333616406
1985-10-03,1.18189698312466
1985-10-06,0.835207201408095
1985-10-10,1.17503173751535
1985-10-11,1.56153253721149
1985-10-12,1.18189698312466
1985-10-12,2.53269492445106
1985-10-12,3.23051842054075
1985-10-13,0.787931322083109
1985-10-16,8.43086514628926
1985-10-17,15.2858676484123
1985-10-17,1.26510489453061
1985-10-18,0.891938256598079
1985-10-18,1.77678513129741
1985-10-19,1.59162127060788
1985-10-20,0.969943457484307
1985-10-22,3.23051842054075
1985-10-25,5.69674345866088
1985-10-26,1.45767294585375
1985-10-29,0.787931322083109
1985-10-30,2.01710418453276
1985-11-05,1.22365734319507
1985-11-05,1.33948324754128
1985-11-06,0.823760135160872
1985-11-06,0.830479613475596
1985-11-10,0.787931322083109
1985-11-13,6.86288181534388
1985-11-16,1.18189698312466
1985-11-17,1.18189698312466
1985-11-18,0.993628673026125
1985-11-19,0.83126754479768
1985-11-27,1.01012795491055
1985-11-29,1.02431071870804
1985-12-03,1.02431071870804
1985-12-04,1.1204997986453
1985-12-06,0.787931322083109
1985-12-07,0.94551758649973
1985-12-08,1.45767294585375
1985-12-10,0.929758960058068
1985-12-11,0.821812368932682
1985-12-11,0.787931322083109
1985-12-11,1.26069011533297
1985-12-11,4.41241540366541
1985-12-16,1.4182763797496
1985-12-18,1.96982830520777
1985-12-20,1.37887981364544
1985-12-29,1.14250041702051
1986-01-02,1.20499694376665
1986-01-03,0.954452894103248
1986-01-04,1.23371010792164
1986-01-05,4.29503884827112
1986-01-07,3.03834220777924
1986-01-09,1.19306611762906
1986-01-11,0.856691877941184
1986-01-12,1.03399063527852
1986-01-13,0.874915152927977
1986-01-13,1.15329724704142
1986-01-14,1.15329724704142
1986-01-14,1.98844352938177
1986-01-16,1.18924808830373
1986-01-16,1.3521415999796
1986-01-19,0.866563987034917
1986-01-21,1.44758738427383
1986-01-24,3.69850578945659
1986-01-27,1.38395686141101
1986-01-27,0.874915152927977
1986-01-30,0.824806507956598
1986-01-31,2.54282237718765
1986-02-01,1.05387507057234
1986-02-04,0.995812816444731
1986-02-04,1.59075482350541
1986-02-05,0.827192673184116
1986-02-05,0.898776805203162
1986-02-07,1.45011624102723
1986-02-11,1.19306611762906
1986-02-12,1.31237272939197
1986-02-12,0.914684023515612
1986-02-13,0.843867786355475
1986-02-14,1.65040812938687
1986-02-15,1.08405226627894
1986-02-16,1.70608504309346
1986-02-16,2.54520771760866
1986-02-18,5.60741157766309
1986-02-19,1.3521415999796
1986-02-21,1.3521415999796
1986-02-28,1.0141061999847
1986-02-28,1.43167934115487
1986-02-28,2.32877271627529
1986-03-01,2.06798127055704
1986-03-03,1.5396993006629
1986-03-03,3.65873691886896
1986-03-04,1.59075482350541
1986-03-04,0.874915152927977
1986-03-05,1.43637249018514
1986-03-07,2.54520771760866
1986-03-08,9.94221929652185
1986-03-08,0.954452894103248
1986-03-09,1.98844352938177
1986-03-10,1.28532979841559
1986-03-16,1.11352837645379
1986-03-19,2.62474628359044
1986-03-19,1.56767921183231
1986-03-19,1.9089057882065
1986-03-22,3.05822664307306
1986-03-23,2.64463071888426
1986-03-30,0.874915152927977
1986-04-01,1.19306611762906
1986-04-02,0.954452894103248
1986-04-02,4.29503884827112
1986-04-02,3.02243498946679
1986-04-03,1.36854287739032
1986-04-03,2.06798127055704
1986-04-07,2.63269989274667
1986-04-07,13.5611873448032
1986-04-08,0.893209361274455
1986-04-08,1.98844352938177
1986-04-10,3.02641962970673
1986-04-10,0.974337329397066
1986-04-10,23.940864217789
1986-04-11,4.05642562474531
1986-04-11,0.947294398420693
1986-04-16,1.27260385880433
1986-04-17,1.29248829409815
1986-04-18,1.03399063527852
1986-04-19,1.27260385880433
1986-04-22,1.51121708233014
1986-04-24,1.37202603527342
1986-04-26,1.05387507057234
1986-04-27,2.01548810997116
1986-04-28,2.38613223525812
1986-04-30,2.5849774130028
1986-05-01,2.14751901173231
1986-05-02,3.12583355811074
1986-05-03,1.56928016126426
1986-05-03,3.10988262505337
1986-05-05,0.962406503259473
1986-05-06,0.980700711605951
1986-05-07,1.08966754898511
1986-05-12,1.43167934115487
1986-05-12,10.3399080023982
1986-05-13,1.08966754898511
1986-05-15,0.954452894103248
1986-05-16,4.77226529532275
1986-05-21,1.51121708233014
1986-05-21,1.14563974342156
1986-05-22,0.994221764690883
1986-05-24,0.914684023515612
1986-05-28,1.42638573298681
1986-05-30,1.3521415999796
1986-06-01,0.897099148765978
1986-06-06,1.27260385880433
1986-06-09,1.18113529149147
1986-06-10,1.78959917644359
1986-06-14,4.45411433062166
1986-06-20,4.77226529532275
1986-06-22,1.11352837645379
1986-06-22,5.01087851884856
1986-06-26,15.1121732977209
1986-06-26,0.954452894103248
1986-06-29,1.31237272939197
1986-06-30,1.59075482350541
1986-06-30,1.19306611762906
1986-06-30,1.38395686141101
1986-06-30,0.954452894103248
1986-07-01,0.833877729931105
1986-07-01,2.34636336467048
1986-07-02,1.43167934115487
1986-07-04,0.948885450174541
1986-07-05,2.06798127055704
1986-07-06,2.38613223525812
1986-07-08,1.72994587056214
1986-07-11,1.72095877885144
1986-07-13,1.19306611762906
1986-07-15,1.77357236118749
1986-07-17,0.925509608932543
1986-07-18,1.36804964309856
1986-07-20,1.39986407972346
1986-07-22,1.31237272939197
1986-07-22,4.77226529532275
1986-07-22,0.870938760753118
1986-07-30,1.19306611762906
1986-07-31,2.38613223525812
1986-08-01,0.954452894103248
1986-08-01,0.924228684425686
1986-08-03,0.954452894103248
1986-08-03,0.992551531512271
1986-08-04,4.61318981297221
1986-08-04,1.18193122977165
1986-08-04,1.04281936413969
1986-08-05,1.1540931853216
1986-08-07,0.946633728407819
1986-08-13,1.02130346157313
1986-08-15,1.45156377644869
1986-08-16,1.27260385880433
1986-08-16,1.74983030585595
1986-08-17,1.27260385880433
1986-08-18,1.03399063527852
1986-08-18,1.59075482350541
1986-08-22,1.09762115814134
1986-08-28,1.59075482350541
1986-08-30,0.914684023515612
1986-09-02,1.67029256468068
1986-09-03,7.15839753058087
1986-09-07,1.82936804703123
1986-09-07,1.07375950586615
1986-09-08,0.926997559872896
1986-09-09,1.42491922701566
1986-09-09,1.13341281174761
1986-09-10,0.83054551163896
1986-09-12,6.68117108352924
1986-09-13,0.827192673184116
1986-09-13,0.96638372024084
1986-09-16,8.47077108477934
1986-09-17,1.04865487018348
1986-09-17,2.38613223525812
1986-09-18,2.75916912422467
1986-09-20,0.874915152927977
1986-09-20,2.38613223525812
1986-09-22,0.925023797899357
1986-09-24,1.39986407972346
1986-09-24,1.41577212284242
1986-09-25,0.909275767242941
1986-09-26,14.0781826624424
1986-09-27,2.14751901173231
1986-09-28,1.03399063527852
1986-09-28,2.94289724829152
1986-09-30,1.2328349882167
1986-10-03,1.3521415999796
1986-10-03,1.42054445329746
1986-10-03,1.93913082269057
1986-10-03,1.39191047056724
1986-10-03,1.21295055292288
1986-10-06,1.9089057882065
1986-10-06,1.03399063527852
1986-10-07,0.943932487094261
1986-10-11,0.994221764690883
1986-10-15,2.14672389825864
1986-10-16,2.42641083626767
1986-10-17,1.79914383735366
1986-10-19,1.19306611762906
1986-10-23,3.97688788357004
1986-10-26,3.16560242869838
1986-10-26,1.11352837645379
1986-10-28,1.27260385880433
1986-10-28,0.954452894103248
1986-10-29,1.59075482350541
1986-10-30,1.84925248232504
1986-10-30,1.04194424443474
1986-10-30,0.835146282340342
1986-10-31,1.59075482350541
1986-11-03,0.938545675790797
1986-11-03,0.85582583110783
1986-11-04,1.03399063527852
1986-11-06,1.80431372454554
1986-11-07,3.93209594134895
1986-11-08,1.27260385880433
1986-11-09,0.874915152927977
1986-11-10,2.27000772700291
1986-11-24,2.62474628359044
1986-11-24,1.19306611762906
1986-11-26,1.59075482350541
1986-11-29,1.31237272939197
1986-12-01,2.54520771760866
1986-12-02,3.38035482475551
1986-12-03,1.55098595291778
1986-12-04,1.98844352938177
1986-12-04,0.835146282340342
1986-12-05,1.59075482350541
1986-12-07,0.874915152927977
1986-12-12,1.3521415999796
1986-12-13,0.930592066634571
1986-12-13,1.19306611762906
1986-12-14,1.19306611762906
1986-12-18,2.38613223525812
1986-12-18,1.1453436378852
1986-12-21,1.3521415999796
1986-12-22,1.66790639945317
1986-12-23,1.40642624030076
1986-12-24,0.866961543771752
1986-12-25,14.6349468506693
1986-12-27,0.954452894103248
1986-12-28,3.18151047181733
1986-12-29,1.40642624030076
1986-12-29,1.11352837645379
1986-12-30,4.53365207179694
1987-01-01,0.87499138880374
1987-01-01,1.11535616879047
1987-01-02,0.912275482937146
1987-01-05,1.54690209175416
1987-01-07,2.7764913066795
1987-01-08,1.21213712214628
1987-01-09,2.12996601014552
1987-01-09,0.864679021750487
1987-01-09,2.54088634384332
1987-01-10,2.56944439158719
1987-01-11,1.21451703072155
1987-01-11,1.9102259642653
1987-01-11,1.19547776211938
1987-01-11,1.98320783186839
1987-01-11,2.43934642849635
1987-01-12,1.70555895774826
1987-01-12,1.48978599626641
1987-01-13,1.40807808227378
1987-01-14,2.54247266450704
1987-01-14,0.951940340805212
1987-01-16,1.26925321763402
1987-01-17,0.951940340805212
1987-01-18,0.982878297124356
1987-01-19,2.72334144043075
1987-01-19,1.90387982645104
1987-01-19,3.33178991007916
1987-01-21,1.22958921492535
1987-01-21,2.02525259831173
1987-01-22,0.873405068140021
1987-01-22,0.872611480228468
1987-01-24,2.34018556656527
1987-01-24,19.9114105998982
1987-01-25,1.18992521221667
1987-01-25,1.18992521221667
1987-01-26,1.74522296045694
1987-01-26,0.872611480228468
1987-01-30,1.84121032590119
1987-02-02,0.912275482937146
1987-02-06,1.18992521221667
1987-02-06,1.24783489561597
1987-02-09,4.26786447876902
1987-02-09,0.904343024459166
1987-02-10,3.53011077878194
1987-02-11,0.92100152932668
1987-02-12,1.28511898974937
1987-02-13,0.873405068140021
1987-02-15,3.8482172435223
1987-02-16,2.65749929855347
1987-02-18,1.92767805704437
1987-02-19,1.50327185980649
1987-02-21,1.19627135003093
1987-02-22,1.07093234893125
1987-02-25,3.84663092285858
1987-02-27,2.06253669244514
1987-03-02,1.80075273528096
1987-03-02,2.72651493691757
1987-03-05,3.15092113415545
1987-03-07,1.34858122305138
1987-03-08,1.41204431151278
1987-03-08,2.15773046997784
1987-03-11,1.42791008362812
1987-03-12,1.62861086090617
1987-03-20,1.58656694962222
1987-03-22,1.38824608091945
1987-03-26,1.58656694962222
1987-03-28,1.98320783186839
1987-03-29,1.22958921492535
1987-03-30,2.59800243933107
1987-03-30,1.07489857817024
1987-04-01,1.06458621111698
1987-04-01,3.33178991007916
1987-04-02,0.951940340805212
1987-04-04,1.09473057952458
1987-04-05,5.63231147393575
1987-04-06,0.928141255052495
1987-04-06,1.37396662946782
1987-04-07,1.11059635163992
1987-04-09,1.50723808904548
1987-04-13,0.951940340805212
1987-04-17,1.06934602826753
1987-04-17,1.056653752639
1987-04-18,0.951940340805212
1987-04-24,4.12507338489027
1987-04-24,2.07443538016211
1987-04-25,2.69160989620005
1987-04-26,1.38427899652107
1987-04-27,1.30098476186472
1987-04-28,1.58656694962222
1987-04-29,6.10828121675866
1987-04-30,1.04078798052365
1987-05-02,0.951940340805212
1987-05-04,1.34858122305138
1987-05-06,1.38824608091945
1987-05-06,1.50723808904548
1987-05-13,1.18992521221667
1987-05-14,0.99160434351389
1987-05-14,9.51939913225518
1987-05-16,0.951940340805212
1987-05-22,1.58656694962222
1987-05-23,1.42791008362812
1987-05-23,10.7093243444718
1987-05-24,1.74522296045694
1987-05-28,4.918356004542
1987-05-28,4.75969999370728
1987-05-29,4.918356004542
1987-05-30,0.951940340805212
1987-06-01,3.56977478149062
1987-06-03,7.53619130038679
1987-06-03,3.23262904814808
1987-06-05,27.7649147771138
1987-06-06,1.784887818325
1987-06-08,2.81615530938818
1987-06-08,2.85582016725625
1987-06-10,1.18913162430512
1987-06-11,1.38824608091945
1987-06-13,3.80775965290207
1987-06-14,0.901169527972341
1987-06-16,1.18992521221667
1987-06-24,1.18992521221667
1987-06-25,1.42791008362812
1987-06-25,1.44536217640719
1987-07-01,1.12646212375527
1987-07-06,3.76809565019339
1987-07-06,1.18992521221667
1987-07-06,1.82455182103368
1987-07-08,1.03126834622257
1987-07-12,1.16612612646395
1987-07-15,2.05063714956878
1987-07-17,2.7764913066795
1987-07-19,0.914655391512418
1987-07-28,2.45917842985069
1987-07-30,0.872611480228468
1987-07-30,0.951940340805212
1987-08-04,1.55324908472781
1987-08-06,1.15977998864969
1987-08-07,1.26925321763402
1987-08-07,2.37984956927395
1987-08-11,1.38031276728208
1987-08-17,24.8313537802633
1987-08-18,15.8656660755847
1987-08-22,2.14186469786249
1987-08-24,2.6178344406854
1987-08-25,0.99557057275288
1987-09-02,0.951940340805212
1987-09-06,1.16612612646395
1987-09-09,0.920208796574514
1987-09-12,1.29305144822735
1987-09-15,1.58021995664857
1987-09-15,14.4377559919566
1987-09-16,1.18992521221667
1987-09-18,1.6262309523309
1987-09-18,1.23910884922643
1987-09-19,1.51199790619602
1987-09-19,0.872611480228468
1987-09-21,1.35096113162665
1987-09-22,1.03126834622257
1987-09-24,1.29701853262573
1987-09-24,0.872611480228468
1987-09-24,1.58656694962222
1987-09-27,1.03126834622257
1987-09-28,0.872611480228468
1987-09-30,1.04713411833792
1987-10-03,0.859125616688391
1987-10-03,6.66357982015832
1987-10-03,1.15422743874698
1987-10-05,23.798499113377
1987-10-05,3.56977478149062
1987-10-06,5.0452813263054
1987-10-08,0.860712792511497
1987-10-11,1.28908521898836
1987-10-11,1.03126834622257
1987-10-12,0.951940340805212
1987-10-12,10.3126826070663
1987-10-14,1.98320783186839
1987-10-16,2.85582016725625
1987-10-17,0.99160434351389
1987-10-18,2.02921882755072
1987-10-19,0.937660889353582
1987-10-20,0.944800615079397
1987-10-22,1.07093234893125
1987-10-24,3.12156949850002
1987-10-25,1.18992521221667
1987-10-26,1.11059635163992
1987-10-27,5.3943266025243
1987-10-30,8.09148990378644
1987-10-30,2.45917842985069
1987-10-31,1.4398087713451
1987-11-01,2.97719208395755
1987-11-01,6.50492295416422
1987-11-03,1.18992521221667
1987-11-05,3.33178991007916
1987-11-06,0.962252707858464
1987-11-07,9.91604086966074
1987-11-08,2.63132030422548
1987-11-11,1.80868604891833
1987-11-14,1.58656694962222
1987-11-15,1.50247827189494
1987-11-16,1.26925321763402
1987-11-18,2.6178344406854
1987-11-21,1.34858122305138
1987-11-29,1.48343985845215
1987-12-02,1.50723808904548
1987-12-02,1.10266389316194
1987-12-06,1.25576735409395
1987-12-07,4.44238626171908
1987-12-07,1.66589495503958
1987-12-09,3.52217746514457
1987-12-09,4.24406539301631
1987-12-12,4.36305825630173
1987-12-12,1.1502603543486
1987-12-12,0.919415208662961
1987-12-13,6.07258344328898
1987-12-13,1.77060836687337
1987-12-14,2.06253669244514
1987-12-14,1.05824007330272
1987-12-16,1.74522296045694
1987-12-17,1.11059635163992
1987-12-17,2.47504420196604
1987-12-17,0.912275482937146
1987-12-19,1.18992521221667
1987-12-19,1.3089172203427
1987-12-20,0.896409710821798
1987-12-23,1.00747011562924
1987-12-29,1.1502603543486
1987-12-30,1.74522296045694
1987-12-31,1.42791008362812
1988-01-01,1.43967616280507
1988-01-01,0.914005283440114
1988-01-03,14.6019795456904
1988-01-04,1.34180309788088
1988-01-08,1.49966296610088
1988-01-10,1.18394411919767
1988-01-15,2.05217028102892
1988-01-19,1.70803696028861
1988-01-20,3.35450907900739
1988-01-21,1.02608514051446
1988-01-22,4.53134935736159
1988-01-23,2.6299351037092
1988-01-23,1.59990308843611
1988-01-23,1.38126828732008
1988-01-25,1.18394411919767
1988-01-26,1.67883257777771
1988-01-29,1.57859245544249
1988-01-30,1.18394411919767
1988-02-01,5.35142845063614
1988-02-06,2.90145286727757
1988-02-09,1.03792487525358
1988-02-10,2.24239060830785
1988-02-11,1.15079375146493
1988-02-14,16.3889459953206
1988-02-17,0.947155651172853
1988-02-19,1.73960840021053
1988-02-19,1.81538092346731
1988-02-21,7.10366560472281
1988-02-22,3.11061588060231
1988-02-29,5.79185501895304
1988-02-29,1.12080034981703
1988-03-02,1.6488400656666
1988-03-03,1.38126828732008
1988-03-07,1.12711517152349
1988-03-08,1.89431041280891
1988-03-09,2.40735342783454
1988-03-12,1.38126828732008
1988-03-12,1.18394411919767
1988-03-14,1.30549576406331
1988-03-14,2.05217028102892
1988-03-18,1.69698713422329
1988-03-19,1.10501462985606
1988-03-21,1.07738917515598
1988-03-24,1.7759166235649
1988-03-25,33.9397355681715
1988-04-06,1.89431041280891
1988-04-09,2.21002925971213
1988-04-12,1.50360895132273
1988-04-13,1.57069959546201
1988-04-14,1.36863953344395
1988-04-14,1.49966296610088
1988-04-16,1.10501462985606
1988-04-19,1.18394411919767
1988-04-20,1.76328786968877
1988-04-20,1.65752194478409
1988-04-23,1.67725453950369
1988-04-24,4.63474733531844
1988-04-24,1.02608514051446
1988-04-24,1.59122120931862
1988-04-26,5.13042481303549
1988-04-26,1.18394411919767
1988-04-26,6.07758046420835
1988-04-29,1.21156957389775
1988-04-29,3.15718491088498
1988-04-30,1.22340930863687
1988-04-30,2.05217028102892
1988-05-08,2.36788823839534
1988-05-08,6.70901726847798
1988-05-09,5.05386327064171
1988-05-09,8.20868023457887
1988-05-11,0.961362443323001
1988-05-11,1.43415124977242
1988-05-12,1.10501462985606
1988-05-12,1.2068336800021
1988-05-12,1.34180309788088
1988-05-13,2.05217028102892
1988-05-15,1.22340930863687
1988-05-16,1.38126828732008
1988-05-17,24.3182156063507
1988-05-19,1.10106775509743
1988-05-23,1.06081443605801
1988-05-25,1.13658606977799
1988-05-26,1.18394411919767
1988-05-26,6.70901726847798
1988-05-27,1.97797579604616
1988-05-27,1.02608514051446
1988-05-29,1.59043219018161
1988-05-29,1.27866021803703
1988-05-29,5.46192937989967
1988-05-30,1.43809723499426
1988-05-31,1.86273897288699
1988-05-31,10.4976389836326
1988-06-01,2.64414189585935
1988-06-03,1.7364514341257
1988-06-03,2.21318622579696
1988-06-05,3.5518332471298
1988-06-05,1.97718677690915
1988-06-05,22.4949409333661
1988-06-06,2.17056407027293
1988-06-06,3.31504388956819
1988-06-06,3.33793345037262
1988-06-10,1.46019777666168
1988-06-13,1.10501462985606
1988-06-15,1.10501462985606
1988-06-16,3.94648069383783
1988-06-21,0.947155651172853
1988-06-21,1.06554944041686
1988-06-24,2.13109977037052
1988-06-24,9.07690639641011
1988-06-29,1.57859245544249
1988-06-29,2.06400912623124
1988-06-29,2.05217028102892
1988-07-01,0.967677265029462
1988-07-01,1.01661335272316
1988-07-01,1.02608514051446
1988-07-01,1.66067891086893
1988-07-02,2.21002925971213
1988-07-04,2.28895874905373
1988-07-05,0.997670666677367
1988-07-06,5.32774898115791
1988-07-08,2.23212980137955
1988-07-09,1.18157617224984
1988-07-12,0.929791003401076
1988-07-14,1.23445913470218
1988-07-16,1.02608514051446
1988-07-18,1.14447981929526
1988-07-18,0.93136993121189
1988-07-19,4.10434056205783
1988-07-19,18.1932770927226
1988-07-19,1.97324079168731
1988-07-20,4.73577736632747
1988-07-26,1.08212506905163
1988-07-30,6.31436982176996
1988-08-08,1.18394411919767
1988-08-09,1.57859245544249
1988-08-10,2.67966021053991
1988-08-12,41.8255940045405
1988-08-15,0.978727091094777
1988-08-18,2.05453822797674
1988-08-21,1.01898129967099
1988-08-21,1.22419832777388
1988-08-22,1.01661335272316
1988-08-24,2.57626312211986
1988-08-24,1.57859245544249
1988-08-29,1.20446573305428
1988-09-01,21.8635041290964
1988-09-04,2.01191607245271
1988-09-05,3.94648069383783
1988-09-05,1.19972983915863
1988-09-06,14.128401720104
1988-09-06,0.907690461733653
1988-09-08,1.12316829676485
1988-09-08,2.36788823839534
1988-09-09,0.935315916433734
1988-09-11,1.7364514341257
1988-09-14,1.20762358867591
1988-09-17,1.46019777666168
1988-09-18,6.70901726847798
1988-09-19,1.97324079168731
1988-09-19,4.89363634501068
1988-09-20,1.96692596998085
1988-09-22,1.31417853271759
1988-09-27,1.46019777666168
1988-09-27,0.907690461733653
1988-10-01,2.92039555332337
1988-10-04,23.0869134377333
1988-10-04,0.947155651172853
1988-10-08,3.63076273647141
1988-10-08,2.03559465239415
1988-10-17,0.978727091094777
1988-10-20,2.52495819794154
1988-10-20,2.84146606398176
1988-10-23,1.42073347675928
1988-10-28,1.57859245544249
1988-10-29,1.53123440602281
1988-11-02,2.07584886097036
1988-11-03,3.99778472847935
1988-11-05,7.89296138767565
1988-11-05,2.38051699227147
1988-11-07,1.0205602274818
1988-11-07,1.18394411919767
1988-11-10,1.34180309788088
1988-11-11,1.10501462985606
1988-11-14,0.986619951075258
1988-11-18,5.52507314928032
1988-11-19,1.53912726600329
1988-11-19,1.02608514051446
1988-11-20,0.939262791192372
1988-11-21,1.67172962647104
1988-11-23,1.24708788857831
1988-11-26,1.26287360853927
1988-11-27,2.41524628781502
1988-12-02,3.63076273647141
1988-12-02,1.55885986072289
1988-12-05,0.968466284166472
1988-12-06,3.15718491088498
1988-12-06,1.14132196367364
1988-12-08,1.93377560224811
1988-12-09,2.52574810661534
1988-12-12,2.99932504266497
1988-12-12,1.18394411919767
1988-12-14,4.10434056205783
1988-12-15,9.62941371133815
1988-12-16,5.13042481303549
1988-12-17,0.986619951075258
1988-12-17,27.6253666359384
1988-12-18,2.76253657464016
1988-12-18,1.18394411919767
1988-12-25,1.49966296610088
1988-12-26,3.5518332471298
1989-01-02,1.71181207456544
1989-01-03,1.19291386967898
1989-01-05,5.00000241779659
1989-01-09,1.26614241893184
1989-01-11,0.984252444448147
1989-01-11,0.93307141032902
1989-01-14,2.75590684445481
1989-01-15,1.18189057707299
1989-01-15,1.77165440000667
1989-01-17,3.93700977779259
1989-01-17,1.81102449778459
1989-01-19,2.70708781161957
1989-01-20,22.8346576411188
1989-01-21,1.14173283555985
1989-01-24,1.13385918797297
1989-01-24,3.03937210640894
1989-01-26,4.48819114668355
1989-01-26,1.54330746092599
1989-01-29,1.12913425548343
1989-01-31,0.944882346670222
1989-02-02,1.41653587627012
1989-02-02,2.49606438510486
1989-02-05,1.45275632902894
1989-02-06,1.0425204123407
1989-02-13,0.943307989121552
1989-02-14,39.1417536286105
1989-02-14,1.57480391111704
1989-02-14,1.52519723454658
1989-02-15,1.81102449778459
1989-02-15,4.33071075557185
1989-02-15,0.984252444448147
1989-02-18,1.03779547985116
1989-02-22,1.41732352000533
1989-02-23,1.29448922410378
1989-02-27,1.14173283555985
1989-03-04,13.3858341744166
1989-03-06,1.0511817036628
1989-03-07,1.62204858640361
1989-03-07,1.81102449778459
1989-03-08,1.10236273778193
1989-03-14,2.38582773935796
1989-03-16,1.06771757249354
1989-03-17,2.02362321176974
1989-03-19,1.2377956137599
1989-03-23,19.4015854868524
1989-03-23,1.76141782121413
1989-03-23,1.9685048888963
1989-03-24,1.53543381333911
1989-03-27,0.984252444448147
1989-03-27,8.58268224550961
1989-04-01,1.062992640004
1989-04-03,5.51181368890963
1989-04-04,1.11417367412313
1989-04-05,1.65039446165378
1989-04-06,1.74409523856994
1989-04-09,5.26771945465519
1989-04-12,1.02362254222607
1989-04-14,3.85826958223674
1989-04-16,1.1937015134142
1989-04-17,0.984252444448147
1989-04-19,2.04724508445215
1989-04-20,1.19921315971719
1989-04-21,1.25984312889363
1989-04-23,4.10708874898071
1989-04-24,1.18110293333778
1989-04-26,13.3858341744166
1989-04-28,2.49842638638874
1989-04-28,1.57480391111704
1989-04-28,1.51023665318627
1989-04-30,3.14960782223407
1989-05-02,3.77952938668089
1989-05-03,1.21023645232317
1989-05-04,1.18110293333778
1989-05-06,1.44488268144206
1989-05-06,1.37322941965963
1989-05-07,1.10630002653625
1989-05-11,0.944882346670222
1989-05-11,9.42677688149025
1989-05-13,2.47637887125501
1989-05-13,0.972441508106946
1989-05-15,3.54330880001333
1989-05-18,1.18110293333778
1989-05-19,1.57480391111704
1989-05-21,1.37795342222741
1989-05-22,1.41732352000533
1989-05-23,2.75590684445481
1989-05-24,1.0984254490276
1989-05-24,1.45590597404804
1989-05-24,2.83464704001067
1989-05-25,3.10393843441794
1989-05-25,1.35511919328022
1989-05-26,0.944882346670222
1989-05-29,4.00000174825292
1989-06-02,1.88976469334044
1989-06-04,3.74015928890296
1989-06-05,1.04330805607592
1989-06-08,1.74803252732426
1989-06-11,2.04724508445215
1989-06-11,1.18110293333778
1989-06-12,1.61259965134629
1989-06-13,1.0866145126864
1989-06-13,6.29921564446815
1989-06-16,1.09448909019505
1989-06-17,4.18504130080135
1989-06-17,2.05826837705813
1989-06-21,0.944882346670222
1989-06-21,1.73228430222874
1989-06-23,2.04724508445215
1989-06-27,1.13385918797297
1989-06-27,5.31496320002
1989-06-28,5.98425486224474
1989-06-28,5.11811271113037
1989-06-28,2.36220586667555
1989-06-28,4.72441173335111
1989-06-29,4.72441173335111
1989-07-03,1.88976469334044
1989-07-05,3.80472654683372
1989-07-06,1.76850475498756
1989-07-08,4.48819114668355
1989-07-10,1.98267782652138
1989-07-10,1.45984326280236
1989-07-13,1.16535470824225
1989-07-18,1.18110293333778
1989-07-18,2.88189171529724
1989-07-18,1.77637933249621
1989-07-20,1.20472480602018
1989-07-22,2.36220586667555
1989-07-23,2.31338683384031
1989-07-24,2.125985280008
1989-07-24,1.30708687425843
1989-07-25,1.02519782969651
1989-07-26,0.944882346670222
1989-07-28,3.58267889779126
1989-07-28,11.9047310402157
1989-07-28,1.49606371556118
1989-07-30,1.41732352000533
1989-07-31,1.83464637046699
1989-08-02,1.18110293333778
1989-08-03,1.6598433967111
1989-08-04,14.9606380855336
1989-08-04,1.33858332444948
1989-08-04,141.732360369829
1989-08-05,1.33858332444948
1989-08-05,2.91102523428263
1989-08-07,5.84645998498288
1989-08-08,2.58267822824759
1989-08-09,0.960630571765745
1989-08-10,0.944882346670222
1989-08-11,13.0315032944152
1989-08-18,1.18110293333778
1989-08-22,1.12992189921865
1989-08-23,7.78110642240424
1989-08-23,0.984252444448147
1989-08-23,1.0393707673216
1989-08-24,3.54330880001333
1989-08-25,1.02362254222607
1989-08-26,1.41417387498623
1989-08-27,1.3834650685304
1989-08-27,3.14960782223407
1989-08-28,4.33071075557185
1989-08-28,2.11811163242112
1989-08-29,0.968504219352624
1989-08-30,1.09448909019505
1989-08-30,1.41732352000533
1989-08-31,1.19842551598197
1989-09-04,1.18110293333778
1989-09-04,3.5094503485384
1989-09-09,1.11417367412313
1989-09-10,2.18740289291966
1989-09-11,0.992126092035027
1989-09-11,0.992126092035027
1989-09-11,8.74016263662132
1989-09-11,1.18110293333778
1989-09-14,5.36614423413912
1989-09-14,0.976378796861269
1989-09-14,1.42913445634653
1989-09-16,1.00787431713055
1989-09-18,1.74803252732426
1989-09-21,1.18897658092466
1989-09-22,1.25984312889363
1989-09-24,3.70078919112504
1989-09-25,4.88189212446281
1989-09-25,1.45590597404804
1989-09-25,11.8110302632995
1989-09-26,4.251970560016
1989-09-27,2.71653674667689
1989-09-28,1.65354410667289
1989-09-29,1.41732352000533
1989-09-29,10.8661479166293
1989-10-01,1.9685048888963
1989-10-02,1.61181200761108
1989-10-02,2.36220586667555
1989-10-07,1.09370144645983
1989-10-20,5.59055388446548
1989-10-22,30.1181266599569
1989-10-23,9.84252537440324
1989-10-24,1.52756016575223
1989-10-24,3.14960782223407
1989-10-26,0.944882346670222
1989-11-10,4.52756124446148
1989-11-11,1.42126080875965
1989-11-12,1.02362254222607
1989-11-13,1.00393795829799
1989-11-13,1.57480391111704
1989-11-14,17.3228439522092
1989-11-15,1.61023672014064
1989-11-16,3.54330880001333
1989-11-16,1.02362254222607
1989-11-19,1.70866242954634
1989-11-20,0.944882346670222
1989-11-29,4.33071075557185
1989-11-29,1.22283503239959
1989-11-30,1.41732352000533
1989-12-03,2.125985280008
1989-12-03,0.944882346670222
1989-12-05,1.75354417362726
1989-12-06,1.21968538738049
1989-12-06,1.14173283555985
1989-12-08,1.02362254222607
1989-12-09,3.14960782223407
1989-12-13,1.51968558824359
1989-12-14,0.942520345386334
1989-12-15,1.60551271757287
1989-12-18,3.54330880001333
1989-12-18,2.28425331485492
1989-12-19,2.49842638638874
1989-12-20,0.93307141032902
1989-12-22,0.944094702935004
1989-12-25,1.73228430222874
1989-12-29,1.00787431713055
1989-12-30,1.9685048888963
1989-12-30,3.85826958223674
1989-12-31,0.944882346670222
1989-12-31,0.944882346670222
1989-12-31,1.09448909019505
1990-01-01,1.82878312548714
1990-01-06,1.23553390491037
1990-01-08,1.32154715510522
1990-01-10,7.23474571317225
1990-01-12,1.10530787217459
1990-01-13,1.29501948558067
1990-01-17,1.25402279812938
1990-01-19,1.52492400623539
1990-01-20,1.04501851130164
1990-01-20,2.25080962587685
1990-01-24,1.0659187451286
1990-01-25,2.5498460639127
1990-01-26,1.93891173031956
1990-01-26,1.93650038971161
1990-01-30,1.12620908028059
1990-01-31,3.29180923616524
1990-02-05,1.1856946609509
1990-02-07,1.90113016367888
1990-02-08,4.01930339049104
1990-02-09,1.36656274356976
1990-02-09,1.0000029228371
1990-02-11,1.66399162120031
1990-02-12,1.20579111457521
1990-02-12,3.21544232268122
1990-02-18,1.24598402182385
1990-02-19,2.90434820732658
1990-02-20,3.97107170693687
1990-02-22,3.61737236944661
1990-02-26,1.20579111457521
1990-02-27,1.004825604053
1990-02-27,1.41720576773188
1990-03-07,1.64630650818394
1990-03-10,2.30708008573656
1990-03-11,3.37621492595479
1990-03-12,1.20579111457521
1990-03-15,1.0369797349961
1990-03-17,1.38665919719408
1990-03-19,1.44694953234606
1990-03-20,2.41158222915043
1990-03-22,1.69212685113016
1990-03-23,10.7154618082619
1990-03-25,1.05707618862042
1990-03-27,1.12540530007794
1990-03-28,1.22588756819953
1990-03-29,1.84887957911146
1990-04-02,0.980710249415433
1990-04-02,1.08038873733437
1990-04-02,1.004825604053
1990-04-03,1.28617692907249
1990-04-03,1.85370226032736
1990-04-04,8.03860580670304
1990-04-07,1.06672252533125
1990-04-08,2.81351227591582
1990-04-08,2.24357462977397
1990-04-09,1.69132307092751
1990-04-11,3.13505650818394
1990-04-13,1.05707618862042
1990-04-18,1.44694953234606
1990-04-18,2.43489380358535
1990-04-18,4.74277766952455
1990-04-20,1.07717361652377
1990-04-25,12.0579091971941
1990-04-25,1.701773187841
1990-04-30,3.4967936477007
1990-05-01,0.995179267342167
1990-05-02,3.37621492595479
1990-05-03,4.42123343725643
1990-05-03,5.06432190179267
1990-05-04,2.60692030397506
1990-05-07,1.24276890101325
1990-05-07,1.60772116134061
1990-05-09,3.21544232268122
1990-05-09,1.28617692907249
1990-05-17,1.44694953234606
1990-05-18,2.4678517147311
1990-05-18,3.75644095869057
1990-05-22,1.17765588464536
1990-05-25,1.25723791893998
1990-05-25,2.73312646141855
1990-05-25,1.23312256430242
1990-05-26,5.46785950896337
1990-05-27,1.40675565081839
1990-05-30,2.04984411535464
1990-06-03,2.41158222915043
1990-06-04,1.76849376461419
1990-06-06,1.4565958690569
1990-06-06,1.99035853468433
1990-06-07,1.04341095089634
1990-06-07,1.20579111457521
1990-06-11,2.009651208106
1990-06-14,0.991160366328917
1990-06-15,1.60772116134061
1990-06-15,14.8915169524552
1990-06-15,2.23473207326578
1990-06-16,1.04501851130164
1990-06-18,4.42123343725643
1990-06-27,1.20579111457521
1990-07-01,9.9228546375682
1990-07-01,1.62138639906469
1990-07-05,2.25080962587685
1990-07-05,6.20901890101325
1990-07-09,1.37460151987529
1990-07-10,1.08601519875292
1990-07-10,1.82235190958691
1990-07-13,2.009651208106
1990-07-15,1.04099961028839
1990-07-15,1.62781761496493
1990-07-15,1.28456936866719
1990-07-16,1.08681995323461
1990-07-17,2.009651208106
1990-07-18,1.04501851130164
1990-07-19,4.18007501948558
1990-07-20,2.90595576773188
1990-07-20,0.995179267342167
1990-07-21,7.8778341777085
1990-07-21,3.09486360093531
1990-07-22,1.61174006235386
1990-07-23,1.23312256430242
1990-07-23,1.05386106780982
1990-07-23,1.05627240841777
1990-07-24,2.73312646141855
1990-07-24,2.10772213561964
1990-07-27,1.24598402182385
1990-07-28,1.28698070927514
1990-07-28,1.3046658222915
1990-07-28,1.44534099766173
1990-07-28,1.77572778643804
1990-07-29,6.04101227591582
1990-07-31,12.8617692907249
1990-08-02,4.2033865939205
1990-08-04,2.34566543257989
1990-08-06,1.32958495713172
1990-08-10,0.979906469212782
1990-08-11,2.09003799688231
1990-08-13,1.85289848012471
1990-08-13,1.42363698363211
1990-08-14,20.2910492985191
1990-08-14,5.78779618082619
1990-08-14,2.65273967264225
1990-08-14,2.69132501948558
1990-08-15,1.00080670303975
1990-08-17,1.11254286827747
1990-08-18,1.60370226032736
1990-08-19,1.72508476227592
1990-08-20,4.01930339049104
1990-08-21,1.92926539360873
1990-08-22,1.28617692907249
1990-08-22,0.980710249415433
1990-08-22,8.03860580670304
1990-08-26,1.08521141855027
1990-08-29,1.60772116134061
1990-08-29,1.23392634450507
1990-08-30,1.51366913484022
1990-08-30,3.97910950896337
1990-08-31,1.41157930631333
1990-09-08,14.4694904520655
1990-09-11,1.55547057677319
1990-09-15,3.77814497272019
1990-09-19,1.96945830085737
1990-09-20,1.60772116134061
1990-09-27,0.984729150428683
1990-09-27,1.44694953234606
1990-09-30,1.24598402182385
1990-10-01,0.996786827747467
1990-10-01,4.58200506625097
1990-10-02,3.05467069368667
1990-10-03,1.81672447388932
1990-10-03,1.98553585346843
1990-10-04,2.09003799688231
1990-10-04,1.12540530007794
1990-10-07,1.0289419329696
1990-10-08,140.936857950117
1990-10-10,27.8939623928293
1990-10-12,18.770145167576
1990-10-12,5.3858661340608
1990-10-15,1.50321901792673
1990-10-16,4.5016192517537
1990-10-19,1.04501851130164
1990-10-19,3.61737236944661
1990-10-23,0.987944271239283
1990-10-29,1.08521141855027
1990-11-07,2.27974863600935
1990-11-10,1.88907248636009
1990-11-11,1.20579111457521
1990-11-13,2.97428390491037
1990-11-13,1.37299395946999
1990-11-15,2.48794816835542
1990-11-23,5.62702455183165
1990-11-27,1.10530787217459
1990-11-29,3.31994446609509
1990-11-29,1.04501851130164
1990-11-30,1.13746297739673
1990-11-30,1.04501851130164
1990-12-04,1.23794524551832
1990-12-05,1.43489088074825
1990-12-06,1.00964925954793
1990-12-07,1.60772116134061
1990-12-08,1.63505261106781
1990-12-09,2.57235385814497
1990-12-09,1.56029325798909
1990-12-10,17.2830027279813
1990-12-14,4.26046083398285
1990-12-15,1.32636983632112
1990-12-16,1.15353955572876
1990-12-17,2.89389809041309
1990-12-19,0.996786827747467
1990-12-20,1.10128897116134
1990-12-21,2.93409099766173
1990-12-21,1.36656274356976
1990-12-22,2.26286730319564
1990-12-23,1.08681995323461
1990-12-23,1.64791406858924
1990-12-24,1.20579111457521
1990-12-27,1.08601519875292
1990-12-30,1.36656274356976
1990-12-30,4.74277766952455
1990-12-30,1.04501851130164
1990-12-31,4.01930339049104
